insert ignore into ingredient_type(id, name) values (1, 'Vegetables');
insert ignore into ingredient_type(id, name) values (2, 'Fruits');
insert ignore into ingredient_type(id, name) values (3, 'Oils');
insert ignore into ingredient_type(id, name) values (4, 'Grains and nuts and baking products');
insert ignore into ingredient_type(id, name) values (5, 'Herbs and spices');
insert ignore into ingredient_type(id, name) values (6, 'Meat, chicken, sausage...');
insert ignore into ingredient_type(id, name) values (7, 'Fish and seafood');
insert ignore into ingredient_type(id, name) values (8, 'Dairy');
insert ignore into ingredient_type(id, name) values (9, 'Pasta, rice and pulses');
insert ignore into ingredient_type(id, name) values (10, 'Others');

insert ignore into ingredient(name, type_id) values ('Cucumber', 1);
insert ignore into ingredient(name, type_id) values ('Tomato', 1);
insert ignore into ingredient(name, type_id) values ('Celery', 1);
insert ignore into ingredient(name, type_id) values ('Ground Beef', 6);
insert ignore into ingredient(name, type_id) values ('Chicken', 6);
insert ignore into ingredient(name, type_id) values ('Fish', 7);
insert ignore into ingredient(name, type_id) values ('Octopus', 7);
insert ignore into ingredient(name, type_id) values ('Butter', 8);
insert ignore into ingredient(name, type_id) values ('Egg', 8);
insert ignore into ingredient(name, type_id) values ('Garlic', 1);
insert ignore into ingredient(name, type_id) values ('Milk', 8);
insert ignore into ingredient(name, type_id) values ('White rice', 9);
insert ignore into ingredient(name, type_id) values ('Olive Oil', 3);
insert ignore into ingredient(name, type_id) values ('Vegetable Oil', 3);
insert ignore into ingredient(name, type_id) values ('Celery', 1);
insert ignore into ingredient(name, type_id) values ('Mushrooms', 1);
insert ignore into ingredient(name, type_id) values ('Lemon', 1);
insert ignore into ingredient(name, type_id) values ('Apple', 2);
insert ignore into ingredient(name, type_id) values ('Banana', 2);
insert ignore into ingredient(name, type_id) values ('Walnut', 4);
insert ignore into ingredient(name, type_id) values ('Almond', 4);

insert ignore into unit(name) values ('Cup');
insert ignore into unit(name) values ('Tea Spoon');
insert ignore into unit(name) values ('Table Spoon');
insert ignore into unit(name) values ('milligram');
insert ignore into unit(name) values ('Gram');
insert ignore into unit(name) values ('Kilogram');
insert ignore into unit(name) values ('ml');
insert ignore into unit(name) values ('L');
insert ignore into unit(name) values ('Packet');